{
  "test/integration/pages/PurchasesList.js.map": 1727075146534,
  "Component.js": 1726033911101,
  "test/integration/pages/PurchasesList.js": 1726033911145,
  "test/integration/opaTests.qunit.js": 1726033911145,
  "test/integration/FirstJourney.js": 1726033911149,
  "test/testsuite.qunit.js": 1726033911137,
  "xs-app.json": 1727075131653,
  "manifest.json": 1726106676157,
  "test/integration/pages/PurchasesObjectPage.js": 1726033911145,
  "test/integration/pages/PurchasesList-dbg.js": 1726033911145,
  "i18n/i18n.properties": 1726033938925,
  "Component-dbg.js": 1726033911101,
  "Component.js.map": 1727075146534,
  "test/integration/opaTests.qunit-dbg.js": 1726033911145,
  "test/integration/opaTests.qunit.js.map": 1727075146537,
  "test/integration/FirstJourney-dbg.js": 1726033911149,
  "test/integration/FirstJourney.js.map": 1727075146537,
  "test/testsuite.qunit-dbg.js": 1726033911137,
  "test/testsuite.qunit.js.map": 1727075146537,
  "test/integration/pages/PurchasesObjectPage-dbg.js": 1726033911145,
  "test/integration/pages/PurchasesObjectPage.js.map": 1727075146536,
  "Component-preload.js": 1727075146716,
  "Component-preload.js.map": 1727075146716,
  "test/integration/opaTests.qunit.html": 1726033911145,
  "test/testsuite.qunit.html": 1726033911129,
  "test/flpSandbox.html": 1726033911129,
  "index.html": 1726033911101
}