{
  "Component.js": 1726034001845,
  "manifest.json": 1726106676157,
  "test/integration/pages/CustomersList.js": 1726034001889,
  "test/integration/opaTests.qunit.js": 1726034001885,
  "test/integration/FirstJourney.js": 1726034001897,
  "test/testsuite.qunit.js": 1726034001885,
  "xs-app.json": 1727075131653,
  "test/integration/pages/CustomersObjectPage.js": 1726034001889,
  "i18n/i18n.properties": 1726034005257,
  "test/integration/opaTests.qunit-dbg.js": 1726034001885,
  "test/integration/opaTests.qunit.js.map": 1727075140373,
  "test/integration/pages/CustomersList-dbg.js": 1726034001889,
  "test/integration/pages/CustomersList.js.map": 1727075140373,
  "test/integration/FirstJourney-dbg.js": 1726034001897,
  "test/integration/FirstJourney.js.map": 1727075140376,
  "test/testsuite.qunit-dbg.js": 1726034001885,
  "test/testsuite.qunit.js.map": 1727075140373,
  "test/integration/pages/CustomersObjectPage-dbg.js": 1726034001889,
  "test/integration/pages/CustomersObjectPage.js.map": 1727075140375,
  "Component-dbg.js": 1726034001845,
  "Component.js.map": 1727075140376,
  "Component-preload.js": 1727075140546,
  "Component-preload.js.map": 1727075140546,
  "test/integration/opaTests.qunit.html": 1726034001885,
  "test/testsuite.qunit.html": 1726034001869,
  "test/flpSandbox.html": 1726034001869,
  "index.html": 1726034001845
}