{
  "Component-preload.js": 1727075151098,
  "test/testsuite.qunit.js": 1726034048369,
  "test/integration/pages/RedemptionsList.js": 1726034048381,
  "test/integration/opaTests.qunit.js": 1726034048373,
  "test/integration/FirstJourney.js": 1726034048393,
  "test/integration/pages/RedemptionsObjectPage.js": 1726034048381,
  "xs-app.json": 1727075131653,
  "manifest.json": 1726106676157,
  "Component.js": 1726034048313,
  "test/integration/opaTests.qunit-dbg.js": 1726034048373,
  "test/integration/opaTests.qunit.js.map": 1727075150891,
  "test/integration/pages/RedemptionsList-dbg.js": 1726034048381,
  "test/integration/pages/RedemptionsList.js.map": 1727075150891,
  "test/testsuite.qunit-dbg.js": 1726034048369,
  "test/testsuite.qunit.js.map": 1727075150891,
  "test/integration/FirstJourney-dbg.js": 1726034048393,
  "test/integration/FirstJourney.js.map": 1727075150893,
  "test/integration/pages/RedemptionsObjectPage-dbg.js": 1726034048381,
  "test/integration/pages/RedemptionsObjectPage.js.map": 1727075150892,
  "Component-dbg.js": 1726034048313,
  "Component.js.map": 1727075150893,
  "i18n/i18n.properties": 1726034052153,
  "Component-preload.js.map": 1727075151098,
  "test/integration/opaTests.qunit.html": 1726034048373,
  "test/testsuite.qunit.html": 1726034048349,
  "test/flpSandbox.html": 1726034048349,
  "index.html": 1726034048313
}